mutant_id,status,file,line,mutator,original,replacement,covering_tests,verdict,reason,mentor_confirmed
24,Survived,packages/dinero.js/src/core/api/allocate.ts,80,MethodExpression,"normalizedRatios.every(({ amount }) => greaterThanOrEqualFn(amount, zero) )","normalizedRatios.some(({ amount }) => greaterThanOrEqualFn(amount, zero))",allocate number decimal currencies allocates to percentages; allocate number decimal currencies allocates to ratios; allocate number decimal currencies ignores zero ratios; allocate number decimal currencies converts the allocated amounts to the safest scale; allocate number decimal currencies converts the ratios to the same scale before allocating; allocate number decimal currencies throws when using empty ratios; allocate number decimal currencies throws when using negative ratios; allocate number decimal currencies throws when using only zero ratios; allocate number non-decimal currencies allocates to percentages; allocate number non-decimal currencies allocates to ratios; allocate number non-decimal currencies ignores zero ratios; allocate number non-decimal currencies converts the allocated amounts to the safest scale; allocate number non-decimal currencies converts the ratios to the same scale before allocating; allocate number non-decimal currencies throws when using empty ratios; allocate number non-decimal currencies throws when using negative ratios; allocate number non-decimal currencies throws when using only zero ratios; allocate bigint decimal currencies allocates to percentages; allocate bigint decimal currencies allocates to percentages with large integers; allocate bigint decimal currencies allocates to ratios; allocate bigint decimal currencies ignores zero ratios; allocate bigint decimal currencies converts the allocated amounts to the safest scale; allocate bigint decimal currencies converts the ratios to the same scale before allocating; allocate bigint decimal currencies throws when using empty ratios; allocate bigint decimal currencies throws when using negative ratios; allocate bigint decimal currencies throws when using only zero ratios; allocate bigint non-decimal currencies allocates to percentages; allocate bigint non-decimal currencies allocates to ratios; allocate bigint non-decimal currencies ignores zero ratios; allocate bigint non-decimal currencies converts the allocated amounts to the safest scale; allocate bigint non-decimal currencies converts the ratios to the same scale before allocating; allocate bigint non-decimal currencies throws when using empty ratios; allocate bigint non-decimal currencies throws when using negative ratios; allocate bigint non-decimal currencies throws when using only zero ratios; allocate Big.js decimal currencies allocates to percentages; allocate Big.js decimal currencies allocates to ratios; allocate Big.js decimal currencies ignores zero ratios; allocate Big.js decimal currencies converts the allocated amounts to the safest scale; allocate Big.js decimal currencies converts the ratios to the same scale before allocating; allocate Big.js decimal currencies throws when using empty ratios; allocate Big.js decimal currencies throws when using negative ratios; allocate Big.js decimal currencies throws when using only zero ratios; allocate Big.js non-decimal currencies allocates to percentages; allocate Big.js non-decimal currencies allocates to percentages with large integers; allocate Big.js non-decimal currencies allocates to ratios; allocate Big.js non-decimal currencies ignores zero ratios; allocate Big.js non-decimal currencies converts the allocated amounts to the safest scale; allocate Big.js non-decimal currencies converts the ratios to the same scale before allocating; allocate Big.js non-decimal currencies throws when using empty ratios; allocate Big.js non-decimal currencies throws when using negative ratios; allocate Big.js non-decimal currencies throws when using only zero ratios; allocate properties preserves the total: sum of shares equals the original amount; allocate properties distributes non-negatively for positive amounts,,,
31,Survived,packages/dinero.js/src/core/api/allocate.ts,87,ConditionalExpression,hasRatios && hasOnlyPositiveRatios,true,allocate number decimal currencies allocates to percentages; allocate number decimal currencies allocates to ratios; allocate number decimal currencies ignores zero ratios; allocate number decimal currencies converts the allocated amounts to the safest scale; allocate number decimal currencies converts the ratios to the same scale before allocating; allocate number decimal currencies throws when using empty ratios; allocate number decimal currencies throws when using negative ratios; allocate number decimal currencies throws when using only zero ratios; allocate number non-decimal currencies allocates to percentages; allocate number non-decimal currencies allocates to ratios; allocate number non-decimal currencies ignores zero ratios; allocate number non-decimal currencies converts the allocated amounts to the safest scale; allocate number non-decimal currencies converts the ratios to the same scale before allocating; allocate number non-decimal currencies throws when using empty ratios; allocate number non-decimal currencies throws when using negative ratios; allocate number non-decimal currencies throws when using only zero ratios; allocate bigint decimal currencies allocates to percentages; allocate bigint decimal currencies allocates to percentages with large integers; allocate bigint decimal currencies allocates to ratios; allocate bigint decimal currencies ignores zero ratios; allocate bigint decimal currencies converts the allocated amounts to the safest scale; allocate bigint decimal currencies converts the ratios to the same scale before allocating; allocate bigint decimal currencies throws when using empty ratios; allocate bigint decimal currencies throws when using negative ratios; allocate bigint decimal currencies throws when using only zero ratios; allocate bigint non-decimal currencies allocates to percentages; allocate bigint non-decimal currencies allocates to ratios; allocate bigint non-decimal currencies ignores zero ratios; allocate bigint non-decimal currencies converts the allocated amounts to the safest scale; allocate bigint non-decimal currencies converts the ratios to the same scale before allocating; allocate bigint non-decimal currencies throws when using empty ratios; allocate bigint non-decimal currencies throws when using negative ratios; allocate bigint non-decimal currencies throws when using only zero ratios; allocate Big.js decimal currencies allocates to percentages; allocate Big.js decimal currencies allocates to ratios; allocate Big.js decimal currencies ignores zero ratios; allocate Big.js decimal currencies converts the allocated amounts to the safest scale; allocate Big.js decimal currencies converts the ratios to the same scale before allocating; allocate Big.js decimal currencies throws when using empty ratios; allocate Big.js decimal currencies throws when using negative ratios; allocate Big.js decimal currencies throws when using only zero ratios; allocate Big.js non-decimal currencies allocates to percentages; allocate Big.js non-decimal currencies allocates to percentages with large integers; allocate Big.js non-decimal currencies allocates to ratios; allocate Big.js non-decimal currencies ignores zero ratios; allocate Big.js non-decimal currencies converts the allocated amounts to the safest scale; allocate Big.js non-decimal currencies converts the ratios to the same scale before allocating; allocate Big.js non-decimal currencies throws when using empty ratios; allocate Big.js non-decimal currencies throws when using negative ratios; allocate Big.js non-decimal currencies throws when using only zero ratios; allocate properties preserves the total: sum of shares equals the original amount; allocate properties distributes non-negatively for positive amounts,,,
32,Survived,packages/dinero.js/src/core/api/allocate.ts,87,LogicalOperator,hasRatios && hasOnlyPositiveRatios,hasRatios || hasOnlyPositiveRatios,allocate number decimal currencies allocates to percentages; allocate number decimal currencies allocates to ratios; allocate number decimal currencies ignores zero ratios; allocate number decimal currencies converts the allocated amounts to the safest scale; allocate number decimal currencies converts the ratios to the same scale before allocating; allocate number decimal currencies throws when using empty ratios; allocate number decimal currencies throws when using negative ratios; allocate number decimal currencies throws when using only zero ratios; allocate number non-decimal currencies allocates to percentages; allocate number non-decimal currencies allocates to ratios; allocate number non-decimal currencies ignores zero ratios; allocate number non-decimal currencies converts the allocated amounts to the safest scale; allocate number non-decimal currencies converts the ratios to the same scale before allocating; allocate number non-decimal currencies throws when using empty ratios; allocate number non-decimal currencies throws when using negative ratios; allocate number non-decimal currencies throws when using only zero ratios; allocate bigint decimal currencies allocates to percentages; allocate bigint decimal currencies allocates to percentages with large integers; allocate bigint decimal currencies allocates to ratios; allocate bigint decimal currencies ignores zero ratios; allocate bigint decimal currencies converts the allocated amounts to the safest scale; allocate bigint decimal currencies converts the ratios to the same scale before allocating; allocate bigint decimal currencies throws when using empty ratios; allocate bigint decimal currencies throws when using negative ratios; allocate bigint decimal currencies throws when using only zero ratios; allocate bigint non-decimal currencies allocates to percentages; allocate bigint non-decimal currencies allocates to ratios; allocate bigint non-decimal currencies ignores zero ratios; allocate bigint non-decimal currencies converts the allocated amounts to the safest scale; allocate bigint non-decimal currencies converts the ratios to the same scale before allocating; allocate bigint non-decimal currencies throws when using empty ratios; allocate bigint non-decimal currencies throws when using negative ratios; allocate bigint non-decimal currencies throws when using only zero ratios; allocate Big.js decimal currencies allocates to percentages; allocate Big.js decimal currencies allocates to ratios; allocate Big.js decimal currencies ignores zero ratios; allocate Big.js decimal currencies converts the allocated amounts to the safest scale; allocate Big.js decimal currencies converts the ratios to the same scale before allocating; allocate Big.js decimal currencies throws when using empty ratios; allocate Big.js decimal currencies throws when using negative ratios; allocate Big.js decimal currencies throws when using only zero ratios; allocate Big.js non-decimal currencies allocates to percentages; allocate Big.js non-decimal currencies allocates to percentages with large integers; allocate Big.js non-decimal currencies allocates to ratios; allocate Big.js non-decimal currencies ignores zero ratios; allocate Big.js non-decimal currencies converts the allocated amounts to the safest scale; allocate Big.js non-decimal currencies converts the ratios to the same scale before allocating; allocate Big.js non-decimal currencies throws when using empty ratios; allocate Big.js non-decimal currencies throws when using negative ratios; allocate Big.js non-decimal currencies throws when using only zero ratios; allocate properties preserves the total: sum of shares equals the original amount; allocate properties distributes non-negatively for positive amounts,,,
78,Survived,packages/dinero.js/src/core/api/haveSameAmount.ts,26,MethodExpression,"otherDineros.every((d) => { const { amount: subjectAmount } = d.toJSON(); return equalFn(subjectAmount, comparatorAmount); })","otherDineros.some(d => { const { amount: subjectAmount } = d.toJSON(); return equalFn(subjectAmount, comparatorAmount); })","equal number decimal currencies returns true when amounts and currencies are equal; equal number decimal currencies returns false when amounts are not equal; equal number decimal currencies returns false when currencies are not equal; equal number decimal currencies returns false when amounts and currencies are not equal; equal number decimal currencies returns true when amounts are equal after normalization; equal number decimal currencies returns false when amounts are not equal after normalization; equal number non-decimal currencies returns true when amounts and currencies are equal; equal number non-decimal currencies returns false when amounts are not equal; equal number non-decimal currencies returns false when currencies are not equal; equal number non-decimal currencies returns false when amounts and currencies are not equal; equal number non-decimal currencies returns true when amounts are equal after normalization; equal number non-decimal currencies returns false when amounts are not equal after normalization; equal bigint decimal currencies returns true when amounts and currencies are equal; equal bigint decimal currencies returns false when amounts are not equal; equal bigint decimal currencies returns false when currencies are not equal; equal bigint decimal currencies returns false when amounts and currencies are not equal; equal bigint decimal currencies returns true when amounts are equal after normalization; equal bigint decimal currencies returns false when amounts are not equal after normalization; equal bigint non-decimal currencies returns true when amounts and currencies are equal; equal bigint non-decimal currencies returns false when amounts are not equal; equal bigint non-decimal currencies returns false when currencies are not equal; equal bigint non-decimal currencies returns false when amounts and currencies are not equal; equal bigint non-decimal currencies returns true when amounts are equal after normalization; equal bigint non-decimal currencies returns false when amounts are not equal after normalization; equal Big.js decimal currencies returns true when amounts and currencies are equal; equal Big.js decimal currencies returns false when amounts are not equal; equal Big.js decimal currencies returns false when currencies are not equal; equal Big.js decimal currencies returns false when amounts and currencies are not equal; equal Big.js decimal currencies returns true when amounts are equal after normalization; equal Big.js decimal currencies returns false when amounts are not equal after normalization; equal Big.js non-decimal currencies returns true when amounts and currencies are equal; equal Big.js non-decimal currencies returns false when amounts are not equal; equal Big.js non-decimal currencies returns false when currencies are not equal; equal Big.js non-decimal currencies returns false when amounts and currencies are not equal; equal Big.js non-decimal currencies returns true when amounts are equal after normalization; equal Big.js non-decimal currencies returns false when amounts are not equal after normalization; equal properties is reflexive: equal(a, a) is always true; equal properties is symmetric: equal(a, b) equals equal(b, a); compare properties is consistent with equal: compare(a, b) === 0 iff equal(a, b); add properties is commutative: add(a, b) equals add(b, a); add properties is associative: add(add(a, b), c) equals add(a, add(b, c)); add properties has zero as identity: add(a, 0) equals a; add properties is the inverse of subtract: subtract(add(a, b), b) equals a; multiply properties has 1 as identity: multiply(a, 1) equals a; subtract properties is the inverse of add: add(subtract(a, b), b) equals a; haveSameAmount number returns true when amounts are equal; haveSameAmount number returns false when amounts are not equal; haveSameAmount number returns true when amounts are equal once normalized; haveSameAmount number returns false when amounts are not equal once normalized; haveSameAmount bigint returns true when amounts are equal; haveSameAmount bigint returns false when amounts are not equal; haveSameAmount bigint returns true when amounts are equal once normalized; haveSameAmount bigint returns false when amounts are not equal once normalized; haveSameAmount Big.js returns true when amounts are equal; haveSameAmount Big.js returns false when amounts are not equal; haveSameAmount Big.js returns true when amounts are equal once normalized; haveSameAmount Big.js returns false when amounts are not equal once normalized",,,
201,Survived,packages/dinero.js/src/core/api/trimScale.ts,28,ConditionalExpression,"equalFn(newScale, scale)",false,trimScale number trims a Dinero object down to its currency exponent's scale; trimScale number trims a Dinero object down to the safest possible scale; trimScale number doesn't trim the scale when there's nothing to trim; trimScale number doesn't crash on zero amounts; trimScale bigint trims a Dinero object down to its currency exponent's scale; trimScale bigint trims a Dinero object down to the safest possible scale; trimScale bigint doesn't trim the scale when there's nothing to trim; trimScale bigint doesn't crash on zero amounts; trimScale Big.js trims a Dinero object down to its currency exponent's scale; trimScale Big.js trims a Dinero object down to the safest possible scale; trimScale Big.js doesn't trim the scale when there's nothing to trim; trimScale Big.js doesn't crash on zero amounts,,,
202,Survived,packages/dinero.js/src/core/api/trimScale.ts,28,BlockStatement,{ return dineroObject; },{},trimScale number doesn't trim the scale when there's nothing to trim; trimScale number doesn't crash on zero amounts; trimScale bigint doesn't trim the scale when there's nothing to trim; trimScale bigint doesn't crash on zero amounts; trimScale Big.js doesn't trim the scale when there's nothing to trim; trimScale Big.js doesn't crash on zero amounts,,,
285,Survived,packages/dinero.js/src/core/utils/distribute.ts,51,MethodExpression,"ratios .map((ratio, index) => ({ ratio, index })) .filter(({ ratio }) => !equalFn(ratio, zero))","ratios.map((ratio, index) => ({ ratio, index }))",allocate number decimal currencies allocates to percentages; allocate number decimal currencies allocates to ratios; allocate number decimal currencies ignores zero ratios; allocate number decimal currencies converts the allocated amounts to the safest scale; allocate number decimal currencies converts the ratios to the same scale before allocating; allocate number non-decimal currencies allocates to percentages; allocate number non-decimal currencies allocates to ratios; allocate number non-decimal currencies ignores zero ratios; allocate number non-decimal currencies converts the allocated amounts to the safest scale; allocate number non-decimal currencies converts the ratios to the same scale before allocating; allocate bigint decimal currencies allocates to percentages; allocate bigint decimal currencies allocates to percentages with large integers; allocate bigint decimal currencies allocates to ratios; allocate bigint decimal currencies ignores zero ratios; allocate bigint decimal currencies converts the allocated amounts to the safest scale; allocate bigint decimal currencies converts the ratios to the same scale before allocating; allocate bigint non-decimal currencies allocates to percentages; allocate bigint non-decimal currencies allocates to ratios; allocate bigint non-decimal currencies ignores zero ratios; allocate bigint non-decimal currencies converts the allocated amounts to the safest scale; allocate bigint non-decimal currencies converts the ratios to the same scale before allocating; allocate Big.js decimal currencies allocates to percentages; allocate Big.js decimal currencies allocates to ratios; allocate Big.js decimal currencies ignores zero ratios; allocate Big.js decimal currencies converts the allocated amounts to the safest scale; allocate Big.js decimal currencies converts the ratios to the same scale before allocating; allocate Big.js non-decimal currencies allocates to percentages; allocate Big.js non-decimal currencies allocates to percentages with large integers; allocate Big.js non-decimal currencies allocates to ratios; allocate Big.js non-decimal currencies ignores zero ratios; allocate Big.js non-decimal currencies converts the allocated amounts to the safest scale; allocate Big.js non-decimal currencies converts the ratios to the same scale before allocating; allocate properties preserves the total: sum of shares equals the original amount; allocate properties distributes non-negatively for positive amounts; distribute distributes to percentages; distribute distributes to ratios; distribute distributes negative amounts; distribute distributes while ignoring zero ratios; distribute distributes to negative ratios; distribute distributes negative amounts to negative ratios; distribute distributes remainder to largest ratio first; distribute distributes remainder to multiple largest ratios in order; distribute does not hang with amounts larger than `MAX_SAFE_INTEGER`; distribute properties preserves the total: sum of shares equals the input; distribute properties distributes non-negatively for positive amounts; distribute properties distributes non-positively for negative amounts,,,
297,Survived,packages/dinero.js/src/core/utils/distribute.ts,68,ConditionalExpression,"equalFn(newRemainder, remainder)",false,allocate number decimal currencies allocates to percentages; allocate number decimal currencies ignores zero ratios; allocate number non-decimal currencies allocates to percentages; allocate number non-decimal currencies allocates to ratios; allocate number non-decimal currencies ignores zero ratios; allocate number non-decimal currencies converts the allocated amounts to the safest scale; allocate number non-decimal currencies converts the ratios to the same scale before allocating; allocate bigint decimal currencies allocates to percentages; allocate bigint decimal currencies allocates to percentages with large integers; allocate bigint decimal currencies ignores zero ratios; allocate bigint non-decimal currencies allocates to percentages; allocate bigint non-decimal currencies allocates to ratios; allocate bigint non-decimal currencies ignores zero ratios; allocate bigint non-decimal currencies converts the allocated amounts to the safest scale; allocate bigint non-decimal currencies converts the ratios to the same scale before allocating; allocate Big.js decimal currencies allocates to percentages; allocate Big.js decimal currencies ignores zero ratios; allocate Big.js non-decimal currencies allocates to percentages; allocate Big.js non-decimal currencies allocates to percentages with large integers; allocate Big.js non-decimal currencies allocates to ratios; allocate Big.js non-decimal currencies ignores zero ratios; allocate Big.js non-decimal currencies converts the allocated amounts to the safest scale; allocate Big.js non-decimal currencies converts the ratios to the same scale before allocating; allocate properties preserves the total: sum of shares equals the original amount; allocate properties distributes non-negatively for positive amounts; distribute distributes to percentages; distribute distributes negative amounts; distribute distributes while ignoring zero ratios; distribute distributes to negative ratios; distribute distributes negative amounts to negative ratios; distribute distributes remainder to largest ratio first; distribute distributes remainder to multiple largest ratios in order; distribute properties preserves the total: sum of shares equals the input; distribute properties distributes non-negatively for positive amounts; distribute properties distributes non-positively for negative amounts,,,
298,NoCoverage,packages/dinero.js/src/core/utils/distribute.ts,68,BlockStatement,{ break; },{},,,,
311,Survived,packages/dinero.js/src/core/utils/getAmountAndScale.ts,10,OptionalChaining,value?.scale,value.scale,allocate number decimal currencies converts the allocated amounts to the safest scale; allocate number decimal currencies converts the ratios to the same scale before allocating; allocate number non-decimal currencies converts the allocated amounts to the safest scale; allocate number non-decimal currencies converts the ratios to the same scale before allocating; allocate bigint decimal currencies converts the allocated amounts to the safest scale; allocate bigint decimal currencies converts the ratios to the same scale before allocating; allocate bigint non-decimal currencies converts the allocated amounts to the safest scale; allocate bigint non-decimal currencies converts the ratios to the same scale before allocating; allocate Big.js decimal currencies converts the allocated amounts to the safest scale; allocate Big.js decimal currencies converts the ratios to the same scale before allocating; allocate Big.js non-decimal currencies converts the allocated amounts to the safest scale; allocate Big.js non-decimal currencies converts the ratios to the same scale before allocating; multiply number converts the multiplied amount to the safest scale; multiply bigint converts the multiplied amount to the safest scale; multiply Big.js converts the multiplied amount to the safest scale; convert number decimal currencies converts a Dinero object to another currency; convert bigint decimal currencies converts a Dinero object to another currency; convert Big.js decimal currencies converts a Dinero object to another currency; getAmountAndScale returns the amount and scale with scaled amounts; getAmountAndScale returns a zero scale when unspecified,,,
336,Survived,packages/dinero.js/src/core/utils/isScaledAmount.ts,6,OptionalChaining,(amount as DineroScaledAmount<TAmount>)?.hasOwnProperty,(amount as DineroScaledAmount<TAmount>).hasOwnProperty,"allocate number decimal currencies allocates to percentages; allocate number decimal currencies allocates to ratios; allocate number decimal currencies ignores zero ratios; allocate number decimal currencies converts the allocated amounts to the safest scale; allocate number decimal currencies converts the ratios to the same scale before allocating; allocate number decimal currencies throws when using negative ratios; allocate number decimal currencies throws when using only zero ratios; allocate number non-decimal currencies allocates to percentages; allocate number non-decimal currencies allocates to ratios; allocate number non-decimal currencies ignores zero ratios; allocate number non-decimal currencies converts the allocated amounts to the safest scale; allocate number non-decimal currencies converts the ratios to the same scale before allocating; allocate number non-decimal currencies throws when using negative ratios; allocate number non-decimal currencies throws when using only zero ratios; allocate bigint decimal currencies allocates to percentages; allocate bigint decimal currencies allocates to percentages with large integers; allocate bigint decimal currencies allocates to ratios; allocate bigint decimal currencies ignores zero ratios; allocate bigint decimal currencies converts the allocated amounts to the safest scale; allocate bigint decimal currencies converts the ratios to the same scale before allocating; allocate bigint decimal currencies throws when using negative ratios; allocate bigint decimal currencies throws when using only zero ratios; allocate bigint non-decimal currencies allocates to percentages; allocate bigint non-decimal currencies allocates to ratios; allocate bigint non-decimal currencies ignores zero ratios; allocate bigint non-decimal currencies converts the allocated amounts to the safest scale; allocate bigint non-decimal currencies converts the ratios to the same scale before allocating; allocate bigint non-decimal currencies throws when using negative ratios; allocate bigint non-decimal currencies throws when using only zero ratios; allocate Big.js decimal currencies allocates to percentages; allocate Big.js decimal currencies allocates to ratios; allocate Big.js decimal currencies ignores zero ratios; allocate Big.js decimal currencies converts the allocated amounts to the safest scale; allocate Big.js decimal currencies converts the ratios to the same scale before allocating; allocate Big.js decimal currencies throws when using negative ratios; allocate Big.js decimal currencies throws when using only zero ratios; allocate Big.js non-decimal currencies allocates to percentages; allocate Big.js non-decimal currencies allocates to percentages with large integers; allocate Big.js non-decimal currencies allocates to ratios; allocate Big.js non-decimal currencies ignores zero ratios; allocate Big.js non-decimal currencies converts the allocated amounts to the safest scale; allocate Big.js non-decimal currencies converts the ratios to the same scale before allocating; allocate Big.js non-decimal currencies throws when using negative ratios; allocate Big.js non-decimal currencies throws when using only zero ratios; allocate properties preserves the total: sum of shares equals the original amount; allocate properties distributes non-negatively for positive amounts; multiply number multiplies positive Dinero objects; multiply number multiplies negative Dinero objects; multiply number converts the multiplied amount to the safest scale; multiply bigint multiplies positive Dinero objects; multiply bigint multiplies negative Dinero objects; multiply bigint converts the multiplied amount to the safest scale; multiply Big.js multiplies positive Dinero objects; multiply Big.js multiplies negative Dinero objects; multiply Big.js converts the multiplied amount to the safest scale; multiply properties has 1 as identity: multiply(a, 1) equals a; multiply properties by zero yields zero amount; convert number decimal currencies converts a Dinero object to another currency; convert number decimal currencies uses the destination currency's exponent as scale; convert number non-decimal currencies converts a Dinero object to another currency; convert bigint decimal currencies converts a Dinero object to another currency; convert bigint decimal currencies uses the destination currency's exponent as scale; convert bigint non-decimal currencies converts a Dinero object to another currency; convert Big.js decimal currencies converts a Dinero object to another currency; convert Big.js decimal currencies uses the destination currency's exponent as scale; convert Big.js non-decimal currencies converts a Dinero object to another currency; isScaledAmount returns false with an integer; isScaledAmount returns true with a scaled amount; isScaledAmount returns true with a scaled amount without a scale; getAmountAndScale returns the amount and scale with scaled amounts; getAmountAndScale returns a zero scale when unspecified; getAmountAndScale returns the amount and a zero scale with amounts",,,
